CustomerId,Month,Utility,Churn_Propensity,Churn_Binary,Individual_Account_Revenue,LTV,ChurnCount,TotalRevenue,TotalLostRevenue,Expenses,Survival_Curve
1,Jan,18.939064516129033,0.6563,0.0,60.0,31.29364516129032,27.0,58380.0,19440.0,200000.0,0.9
2,Jan,22.523370967741936,0.8116,0.0,60.0,30.00558064516129,,,,,0.8
3,Jan,18.232854838709677,0.6257,0.0,60.0,28.095387096774193,,,,,0.7
4,Jan,25.300290322580643,0.9319,1.0,0.0,31.101870967741934,,,,,0.7
5,Jan,23.179093548387097,0.84,0.0,60.0,27.665774193548387,,,,,0.8
6,Jan,24.191506451612902,0.8839,0.0,60.0,28.62767741935484,,,,,0.4
7,Jan,20.29748709677419,0.7151,0.0,60.0,29.700193548387098,,,,,0.4
8,Jan,20.348232258064517,0.7173,0.0,60.0,28.011903225806453,,,,,0.2
9,Jan,20.379932258064517,0.7187,0.0,60.0,29.62490322580645,,,,,0.1
10,Jan,21.191193548387098,0.7539,0.0,60.0,29.711032258064517,,,,,0.1
11,Jan,19.006729032258065,0.6592,0.0,60.0,28.34932258064516,,,,,0.1
12,Jan,16.791035483870967,0.5632,0.0,60.0,29.824032258064516,,,,,0.1
13,Jan,21.632093548387097,0.773,0.0,60.0,29.08216129032258,,,,,
14,Jan,16.024206451612905,0.53,0.0,60.0,28.912064516129032,,,,,
15,Jan,16.56988387096774,0.5536,0.0,60.0,29.139290322580646,,,,,
16,Jan,20.943606451612904,0.7431,0.0,60.0,32.010548387096776,,,,,
17,Jan,17.5028064516129,0.5941,0.0,60.0,31.24061290322581,,,,,
18,Jan,15.452345161290323,0.5052,0.0,60.0,28.934645161290323,,,,,
19,Jan,19.907929032258064,0.6983,0.0,60.0,28.80216129032258,,,,,
20,Jan,20.81575483870968,0.7376,0.0,60.0,28.824612903225805,,,,,
21,Jan,19.383583870967744,0.6755,0.0,60.0,28.41535483870968,,,,,
22,Jan,20.75889677419355,0.7351,0.0,60.0,27.836000000000002,,,,,
23,Jan,21.83448387096774,0.7817,0.0,60.0,30.837354838709675,,,,,
24,Jan,19.23952258064516,0.6693,0.0,60.0,31.520354838709675,,,,,
25,Jan,19.493070967741936,0.6803,0.0,60.0,30.15890322580645,,,,,
26,Jan,21.677293548387095,0.7749,0.0,60.0,30.477967741935483,,,,,
27,Jan,24.964270967741935,0.9173,1.0,0.0,32.324612903225805,,,,,
28,Jan,19.363380645161293,0.6747,0.0,60.0,28.836258064516127,,,,,
29,Jan,19.536490322580647,0.6822,0.0,60.0,29.143290322580647,,,,,
30,Jan,19.42396451612903,0.6773,0.0,60.0,28.440225806451615,,,,,
31,Jan,22.02868064516129,0.7901,0.0,60.0,31.30635483870968,,,,,
32,Jan,19.18065483870968,0.6667,0.0,60.0,30.20432258064516,,,,,
33,Jan,21.652777419354837,0.7739,0.0,60.0,28.273870967741935,,,,,
34,Jan,19.76848709677419,0.6922,0.0,60.0,34.44093548387097,,,,,
35,Jan,16.43058387096774,0.5476,0.0,60.0,30.651612903225807,,,,,
36,Jan,18.37473225806452,0.6318,0.0,60.0,30.08983870967742,,,,,
37,Jan,22.715912903225806,0.8199,0.0,60.0,28.091322580645162,,,,,
38,Jan,19.81808064516129,0.6944,0.0,60.0,28.265451612903227,,,,,
39,Jan,18.957974193548388,0.6571,0.0,60.0,30.753870967741936,,,,,
40,Jan,19.690832258064514,0.6889,0.0,60.0,32.330451612903225,,,,,
41,Jan,17.482290322580646,0.5932,0.0,60.0,29.76925806451613,,,,,
42,Jan,18.79471612903226,0.65,0.0,60.0,26.45035483870968,,,,,
43,Jan,22.300890322580646,0.8019,0.0,60.0,28.123290322580644,,,,,
44,Jan,19.719290322580644,0.6901,0.0,60.0,29.658258064516126,,,,,
45,Jan,23.42637741935484,0.8507,0.0,60.0,26.74009677419355,,,,,
46,Jan,20.556009677419357,0.7263,0.0,60.0,31.24358064516129,,,,,
47,Jan,20.193312903225806,0.7106,0.0,60.0,30.28125806451613,,,,,
48,Jan,17.993774193548386,0.6153,0.0,60.0,30.258322580645164,,,,,
49,Jan,21.88383225806452,0.7839,0.0,60.0,30.142193548387098,,,,,
50,Jan,17.53908064516129,0.5956,0.0,60.0,30.85390322580645,,,,,
51,Jan,20.604032258064517,0.7284,0.0,60.0,28.400612903225806,,,,,
52,Jan,25.38754193548387,0.9357,1.0,0.0,30.430967741935483,,,,,
53,Jan,18.982951612903225,0.6582,0.0,60.0,27.168225806451613,,,,,
54,Jan,20.244280645161293,0.7128,0.0,60.0,27.987870967741937,,,,,
55,Jan,17.81468387096774,0.6076,0.0,60.0,30.139516129032256,,,,,
56,Jan,19.293145161290322,0.6716,0.0,60.0,25.26358064516129,,,,,
57,Jan,21.150509677419354,0.7521,0.0,60.0,26.84583870967742,,,,,
58,Jan,18.131493548387095,0.6213,0.0,60.0,27.613451612903223,,,,,
59,Jan,15.47374193548387,0.5061,0.0,60.0,31.262193548387096,,,,,
60,Jan,22.43591935483871,0.8078,0.0,60.0,27.109806451612904,,,,,
61,Jan,23.149890322580646,0.8387,0.0,60.0,29.92441935483871,,,,,
62,Jan,19.547690322580642,0.6827,0.0,60.0,30.32425806451613,,,,,
63,Jan,22.13482258064516,0.7947,0.0,60.0,28.58883870967742,,,,,
64,Jan,24.91631290322581,0.9153,1.0,0.0,34.322548387096774,,,,,
65,Jan,15.493148387096774,0.507,0.0,60.0,29.548870967741934,,,,,
66,Jan,22.867925806451613,0.8265,0.0,60.0,30.84709677419355,,,,,
67,Jan,15.319729032258065,0.4995,0.0,60.0,27.215032258064518,,,,,
68,Jan,25.031551612903225,0.9203,1.0,0.0,28.136387096774197,,,,,
69,Jan,22.161845161290323,0.7959,0.0,60.0,29.314451612903227,,,,,
70,Jan,20.306780645161293,0.7155,0.0,60.0,27.778322580645163,,,,,
71,Jan,18.80334193548387,0.6504,0.0,60.0,29.19709677419355,,,,,
72,Jan,23.77577741935484,0.8658,0.0,60.0,26.433806451612902,,,,,
73,Jan,17.572454838709675,0.5971,0.0,60.0,31.266290322580645,,,,,
74,Jan,22.30343870967742,0.8021,0.0,60.0,30.8488064516129,,,,,
75,Jan,21.625458064516128,0.7727,0.0,60.0,29.342225806451612,,,,,
76,Jan,17.089009677419355,0.5761,0.0,60.0,27.17232258064516,,,,,
77,Jan,16.883293548387098,0.5672,0.0,60.0,29.915064516129036,,,,,
78,Jan,17.16787419354839,0.5795,0.0,60.0,28.660032258064515,,,,,
79,Jan,19.211258064516127,0.6681,0.0,60.0,29.906193548387098,,,,,
80,Jan,17.071496774193548,0.5754,0.0,60.0,30.912967741935486,,,,,
81,Jan,18.438987096774195,0.6346,0.0,60.0,28.907387096774194,,,,,
82,Jan,20.006712903225804,0.7025,0.0,60.0,30.224548387096775,,,,,
83,Jan,20.941954838709677,0.7431,0.0,60.0,27.895032258064514,,,,,
84,Jan,18.713625806451613,0.6465,0.0,60.0,28.93158064516129,,,,,
85,Jan,15.267100000000001,0.4972,0.0,60.0,32.143354838709676,,,,,
86,Jan,17.31521935483871,0.5859,0.0,60.0,30.456419354838708,,,,,
87,Jan,19.668774193548387,0.6879,0.0,60.0,30.84067741935484,,,,,
88,Jan,20.79146774193548,0.7365,0.0,60.0,28.418580645161292,,,,,
89,Jan,20.729280645161293,0.7338,0.0,60.0,31.550129032258063,,,,,
90,Jan,23.6283,0.8595,0.0,60.0,27.227516129032256,,,,,
91,Jan,19.54964516129032,0.6827,0.0,60.0,29.221419354838712,,,,,
92,Jan,17.071151612903225,0.5753,0.0,60.0,31.534903225806453,,,,,
93,Jan,22.695445161290323,0.819,0.0,60.0,29.535193548387095,,,,,
94,Jan,16.38166129032258,0.5455,0.0,60.0,24.81016129032258,,,,,
95,Jan,14.910654838709677,0.4817,0.0,60.0,26.622612903225804,,,,,
96,Jan,17.161212903225806,0.5793,0.0,60.0,28.519483870967743,,,,,
97,Jan,18.585467741935485,0.641,0.0,60.0,29.33238709677419,,,,,
98,Jan,22.666832258064513,0.8178,0.0,60.0,32.74674193548387,,,,,
99,Jan,22.349287096774194,0.804,0.0,60.0,28.211806451612905,,,,,
100,Jan,20.858148387096776,0.7394,0.0,60.0,29.160451612903227,,,,,
101,Jan,19.307609677419354,0.6722,0.0,60.0,28.000870967741935,,,,,
102,Jan,19.844729032258066,0.6955,0.0,60.0,28.210806451612903,,,,,
103,Jan,18.60976129032258,0.642,0.0,60.0,29.723548387096773,,,,,
104,Jan,16.983335483870967,0.5715,0.0,60.0,29.449032258064516,,,,,
105,Jan,21.99756774193548,0.7888,0.0,60.0,27.658290322580644,,,,,
106,Jan,21.506319354838713,0.7675,0.0,60.0,32.362,,,,,
107,Jan,19.3228,0.6729,0.0,60.0,26.487354838709674,,,,,
108,Jan,23.62451612903226,0.8593,0.0,60.0,30.558774193548388,,,,,
109,Jan,18.75254516129032,0.6482,0.0,60.0,27.445774193548385,,,,,
110,Jan,19.546045161290323,0.6826,0.0,60.0,28.66138709677419,,,,,
111,Jan,21.77378387096774,0.7791,0.0,60.0,28.22912903225806,,,,,
112,Jan,19.652990322580646,0.6872,0.0,60.0,28.83448387096774,,,,,
113,Jan,22.13959677419355,0.795,0.0,60.0,26.732193548387094,,,,,
114,Jan,20.311790322580645,0.7158,0.0,60.0,29.121612903225806,,,,,
115,Jan,20.033664516129033,0.7037,0.0,60.0,31.930451612903227,,,,,
116,Jan,18.777,0.6493,0.0,60.0,33.074838709677415,,,,,
117,Jan,19.76956451612903,0.6923,0.0,60.0,29.65632258064516,,,,,
118,Jan,18.136,0.6215,0.0,60.0,29.687096774193545,,,,,
119,Jan,21.3125,0.7591,0.0,60.0,26.771451612903224,,,,,
120,Jan,19.306687096774194,0.6722,0.0,60.0,27.782,,,,,
121,Jan,17.971658064516127,0.6144,0.0,60.0,29.690838709677422,,,,,
122,Jan,18.6842935483871,0.6452,0.0,60.0,29.10241935483871,,,,,
123,Jan,17.459951612903225,0.5922,0.0,60.0,26.571548387096772,,,,,
124,Jan,19.097132258064516,0.6631,0.0,60.0,28.964451612903225,,,,,
125,Jan,17.963016129032255,0.614,0.0,60.0,31.639935483870968,,,,,
126,Jan,20.50876129032258,0.7243,0.0,60.0,29.151225806451613,,,,,
127,Jan,20.521880645161293,0.7249,0.0,60.0,30.964000000000002,,,,,
128,Jan,20.317564516129032,0.716,0.0,60.0,31.826032258064515,,,,,
129,Jan,22.36937419354839,0.8049,0.0,60.0,31.28948387096774,,,,,
130,Jan,19.21288387096774,0.6681,0.0,60.0,28.719838709677422,,,,,
131,Jan,22.066277419354837,0.7918,0.0,60.0,25.266354838709677,,,,,
132,Jan,19.889806451612902,0.6975,0.0,60.0,28.737451612903225,,,,,
133,Jan,21.43897741935484,0.7646,0.0,60.0,26.725483870967743,,,,,
134,Jan,18.20982580645161,0.6247,0.0,60.0,28.622096774193547,,,,,
135,Jan,15.971625806451614,0.5277,0.0,60.0,32.20738709677419,,,,,
136,Jan,20.056203225806453,0.7047,0.0,60.0,27.676903225806452,,,,,
137,Jan,22.537961290322578,0.8122,0.0,60.0,33.89951612903226,,,,,
138,Jan,22.988251612903227,0.8317,0.0,60.0,28.85412903225806,,,,,
139,Jan,24.798864516129033,0.9102,1.0,0.0,29.553483870967742,,,,,
140,Jan,20.990441935483872,0.7452,0.0,60.0,29.138322580645163,,,,,
141,Jan,20.452122580645163,0.7218,0.0,60.0,31.598354838709678,,,,,
142,Jan,21.0003935483871,0.7456,0.0,60.0,26.86648387096774,,,,,
143,Jan,21.486564516129032,0.7667,0.0,60.0,30.116451612903226,,,,,
144,Jan,20.21336451612903,0.7115,0.0,60.0,28.277451612903224,,,,,
145,Jan,20.00471290322581,0.7025,0.0,60.0,31.57958064516129,,,,,
146,Jan,15.469187096774194,0.5059,0.0,60.0,27.27141935483871,,,,,
147,Jan,16.818445161290324,0.5644,0.0,60.0,28.730999999999998,,,,,
148,Jan,18.5855935483871,0.641,0.0,60.0,30.76141935483871,,,,,
149,Jan,19.61,0.6854,0.0,60.0,30.19783870967742,,,,,
150,Jan,20.477929032258064,0.723,0.0,60.0,33.34335483870968,,,,,
151,Jan,22.731451612903225,0.8206,0.0,60.0,28.45635483870968,,,,,
152,Jan,16.750793548387097,0.5615,0.0,60.0,27.593258064516128,,,,,
153,Jan,17.614467741935485,0.5989,0.0,60.0,30.711322580645163,,,,,
154,Jan,21.49705483870968,0.7671,0.0,60.0,30.952935483870966,,,,,
155,Jan,21.546851612903225,0.7693,0.0,60.0,29.535870967741936,,,,,
156,Jan,20.792603225806452,0.7366,0.0,60.0,31.037161290322583,,,,,
157,Jan,16.888835483870967,0.5674,0.0,60.0,28.813967741935482,,,,,
158,Jan,22.119074193548386,0.7941,0.0,60.0,30.091677419354838,,,,,
159,Jan,21.8375,0.7819,0.0,60.0,31.201290322580647,,,,,
160,Jan,23.457970967741936,0.8521,0.0,60.0,27.656,,,,,
161,Jan,20.451470967741933,0.7218,0.0,60.0,24.496387096774196,,,,,
162,Jan,21.32690322580645,0.7597,0.0,60.0,31.358967741935484,,,,,
163,Jan,21.59448709677419,0.7713,0.0,60.0,31.392032258064518,,,,,
164,Jan,19.191374193548388,0.6672,0.0,60.0,30.920129032258064,,,,,
165,Jan,20.665929032258067,0.7311,0.0,60.0,31.237451612903225,,,,,
166,Jan,15.979264516129032,0.528,0.0,60.0,29.766612903225806,,,,,
167,Jan,21.950638709677417,0.7868,0.0,60.0,31.220967741935485,,,,,
168,Jan,18.881170967741934,0.6538,0.0,60.0,32.141774193548386,,,,,
169,Jan,22.738151612903227,0.8209,0.0,60.0,31.260451612903225,,,,,
170,Jan,19.57673870967742,0.6839,0.0,60.0,27.42567741935484,,,,,
171,Jan,22.210267741935485,0.798,0.0,60.0,32.5621935483871,,,,,
172,Jan,19.754306451612905,0.6916,0.0,60.0,28.53974193548387,,,,,
173,Jan,20.414732258064518,0.7202,0.0,60.0,27.287870967741934,,,,,
174,Jan,21.97081612903226,0.7876,0.0,60.0,30.128967741935487,,,,,
175,Jan,22.058,0.7914,0.0,60.0,30.032774193548384,,,,,
176,Jan,20.50162580645161,0.724,0.0,60.0,29.544645161290322,,,,,
177,Jan,20.62224516129032,0.7292,0.0,60.0,30.601064516129032,,,,,
178,Jan,22.917335483870968,0.8287,0.0,60.0,28.036709677419356,,,,,
179,Jan,20.695709677419355,0.7324,0.0,60.0,26.701516129032257,,,,,
180,Jan,19.98765161290323,0.7017,0.0,60.0,28.199032258064516,,,,,
181,Jan,20.626054838709678,0.7294,0.0,60.0,25.646193548387096,,,,,
182,Jan,18.83159677419355,0.6516,0.0,60.0,31.652645161290323,,,,,
183,Jan,20.03400322580645,0.7037,0.0,60.0,29.98225806451613,,,,,
184,Jan,19.379135483870968,0.6753,0.0,60.0,28.314290322580646,,,,,
185,Jan,20.62636129032258,0.7294,0.0,60.0,25.705483870967743,,,,,
186,Jan,19.38855806451613,0.6758,0.0,60.0,27.704774193548385,,,,,
187,Jan,23.112880645161294,0.8371,0.0,60.0,29.39922580645161,,,,,
188,Jan,19.092590322580648,0.6629,0.0,60.0,29.89625806451613,,,,,
189,Jan,17.558687096774193,0.5965,0.0,60.0,27.663580645161293,,,,,
190,Jan,17.501154838709677,0.594,0.0,60.0,29.09748387096774,,,,,
191,Jan,18.665729032258064,0.6444,0.0,60.0,32.501387096774195,,,,,
192,Jan,20.758161290322583,0.7351,0.0,60.0,29.59758064516129,,,,,
193,Jan,24.17042580645161,0.8829,0.0,60.0,27.89867741935484,,,,,
194,Jan,20.524254838709677,0.725,0.0,60.0,26.924,,,,,
195,Jan,17.482677419354836,0.5932,0.0,60.0,29.003870967741936,,,,,
196,Jan,21.044545161290323,0.7475,0.0,60.0,27.343645161290322,,,,,
197,Jan,24.97125483870968,0.9176,1.0,0.0,27.969774193548385,,,,,
198,Jan,21.969503225806452,0.7876,0.0,60.0,32.157387096774194,,,,,
199,Jan,22.64985806451613,0.8171,0.0,60.0,30.086354838709678,,,,,
200,Jan,16.869612903225807,0.5666,0.0,60.0,29.918612903225807,,,,,
201,Jan,19.973067741935484,0.7011,0.0,60.0,27.401870967741935,,,,,
202,Jan,23.448587096774194,0.8517,0.0,60.0,27.67241935483871,,,,,
203,Jan,20.520183870967745,0.7248,0.0,60.0,28.459451612903223,,,,,
204,Jan,25.004864516129032,0.9191,1.0,0.0,27.014032258064518,,,,,
205,Jan,21.29032258064516,0.7582,0.0,60.0,29.566483870967744,,,,,
206,Jan,18.501809677419356,0.6373,0.0,60.0,31.938,,,,,
207,Jan,19.00788064516129,0.6593,0.0,60.0,29.319032258064517,,,,,
208,Jan,19.721867741935483,0.6902,0.0,60.0,33.077774193548386,,,,,
209,Jan,21.571867741935485,0.7704,0.0,60.0,29.62367741935484,,,,,
210,Jan,19.94991290322581,0.7001,0.0,60.0,34.51032258064516,,,,,
211,Jan,18.351787096774192,0.6308,0.0,60.0,26.934354838709677,,,,,
212,Jan,21.953493548387097,0.7869,0.0,60.0,32.36203225806452,,,,,
213,Jan,19.739225806451614,0.691,0.0,60.0,30.821870967741933,,,,,
214,Jan,15.397351612903226,0.5028,0.0,60.0,29.97793548387097,,,,,
215,Jan,20.326070967741934,0.7164,0.0,60.0,27.542709677419353,,,,,
216,Jan,20.09866129032258,0.7065,0.0,60.0,28.24109677419355,,,,,
217,Jan,17.850209677419354,0.6091,0.0,60.0,32.43822580645161,,,,,
218,Jan,19.80214838709677,0.6937,0.0,60.0,30.517419354838708,,,,,
219,Jan,21.53798709677419,0.7689,0.0,60.0,27.96,,,,,
220,Jan,20.441225806451612,0.7214,0.0,60.0,29.902709677419356,,,,,
221,Jan,21.07876451612903,0.749,0.0,60.0,30.164322580645162,,,,,
222,Jan,16.547806451612903,0.5527,0.0,60.0,28.48351612903226,,,,,
223,Jan,19.876264516129034,0.6969,0.0,60.0,28.389064516129032,,,,,
224,Jan,17.747048387096775,0.6046,0.0,60.0,31.554870967741937,,,,,
225,Jan,17.47413870967742,0.5928,0.0,60.0,29.715612903225807,,,,,
226,Jan,20.106470967741938,0.7069,0.0,60.0,30.0368064516129,,,,,
227,Jan,17.448270967741934,0.5917,0.0,60.0,29.29841935483871,,,,,
228,Jan,24.474132258064515,0.8961,0.0,60.0,28.606645161290324,,,,,
229,Jan,20.73748387096774,0.7342,0.0,60.0,29.111838709677418,,,,,
230,Jan,21.56288387096774,0.77,0.0,60.0,29.382193548387097,,,,,
231,Jan,18.317590322580642,0.6294,0.0,60.0,34.77,,,,,
232,Jan,25.411345161290324,0.9367,1.0,0.0,29.324548387096776,,,,,
233,Jan,18.893348387096776,0.6543,0.0,60.0,27.390838709677418,,,,,
234,Jan,20.530967741935484,0.7253,0.0,60.0,28.618645161290324,,,,,
235,Jan,13.438812903225807,0.418,0.0,60.0,30.747225806451613,,,,,
236,Jan,21.327270967741935,0.7598,0.0,60.0,29.09367741935484,,,,,
237,Jan,18.979267741935484,0.658,0.0,60.0,28.21390322580645,,,,,
238,Jan,23.112887096774195,0.8371,0.0,60.0,28.735419354838708,,,,,
239,Jan,16.59973870967742,0.5549,0.0,60.0,26.45090322580645,,,,,
240,Jan,17.088645161290323,0.5761,0.0,60.0,29.0501935483871,,,,,
241,Jan,18.746358064516127,0.6479,0.0,60.0,27.799032258064514,,,,,
242,Jan,22.23205483870968,0.799,0.0,60.0,30.228290322580644,,,,,
243,Jan,22.449416129032258,0.8084,0.0,60.0,26.788903225806454,,,,,
244,Jan,17.74677741935484,0.6046,0.0,60.0,33.69625806451613,,,,,
245,Jan,19.629670967741937,0.6862,0.0,60.0,29.041387096774194,,,,,
246,Jan,19.92491612903226,0.699,0.0,60.0,27.19858064516129,,,,,
247,Jan,16.778280645161292,0.5627,0.0,60.0,29.171387096774193,,,,,
248,Jan,17.22079677419355,0.5818,0.0,60.0,27.991806451612902,,,,,
249,Jan,23.9453064516129,0.8732,0.0,60.0,28.149870967741933,,,,,
250,Jan,20.877487096774193,0.7403,0.0,60.0,30.451806451612903,,,,,
251,Jan,21.18541935483871,0.7536,0.0,60.0,29.007548387096776,,,,,
252,Jan,17.105929032258064,0.5769,0.0,60.0,28.686548387096774,,,,,
253,Jan,21.38969677419355,0.7625,0.0,60.0,27.793935483870968,,,,,
254,Jan,21.474235483870967,0.7661,0.0,60.0,28.627903225806453,,,,,
255,Jan,21.591351612903228,0.7712,0.0,60.0,34.513774193548386,,,,,
256,Jan,17.236609677419352,0.5825,0.0,60.0,32.65706451612903,,,,,
257,Jan,22.449190322580645,0.8084,0.0,60.0,29.371032258064513,,,,,
258,Jan,22.018364516129033,0.7897,0.0,60.0,31.251354838709677,,,,,
259,Jan,21.257574193548386,0.7567,0.0,60.0,32.718,,,,,
260,Jan,22.305187096774194,0.8021,0.0,60.0,30.06048387096774,,,,,
261,Jan,20.970209677419355,0.7443,0.0,60.0,27.02477419354839,,,,,
262,Jan,11.389925806451613,0.3292,0.0,60.0,31.117870967741936,,,,,
263,Jan,16.79245161290323,0.5633,0.0,60.0,28.991774193548387,,,,,
264,Jan,16.74761612903226,0.5613,0.0,60.0,30.034225806451612,,,,,
265,Jan,24.289567741935482,0.8881,0.0,60.0,29.75883870967742,,,,,
266,Jan,18.73305806451613,0.6474,0.0,60.0,31.67606451612903,,,,,
267,Jan,16.015654838709676,0.5296,0.0,60.0,29.21625806451613,,,,,
268,Jan,20.101606451612906,0.7067,0.0,60.0,27.794612903225808,,,,,
269,Jan,20.097874193548385,0.7065,0.0,60.0,27.019387096774192,,,,,
270,Jan,18.54531612903226,0.6392,0.0,60.0,28.529645161290322,,,,,
271,Jan,22.27028064516129,0.8006,0.0,60.0,29.577290322580644,,,,,
272,Jan,22.432693548387096,0.8077,0.0,60.0,31.970387096774193,,,,,
273,Jan,25.098138709677418,0.9231,1.0,0.0,28.78783870967742,,,,,
274,Jan,19.608190322580644,0.6853,0.0,60.0,28.37258064516129,,,,,
275,Jan,16.66776774193548,0.5579,0.0,60.0,26.937903225806455,,,,,
276,Jan,20.9081,0.7416,0.0,60.0,26.748483870967743,,,,,
277,Jan,18.212887096774196,0.6248,0.0,60.0,30.331870967741935,,,,,
278,Jan,17.912983870967743,0.6118,0.0,60.0,26.559516129032257,,,,,
279,Jan,18.62927741935484,0.6429,0.0,60.0,26.010870967741933,,,,,
280,Jan,15.59608064516129,0.5114,0.0,60.0,28.706870967741935,,,,,
281,Jan,21.21428064516129,0.7549,0.0,60.0,30.046290322580642,,,,,
282,Jan,19.495574193548386,0.6804,0.0,60.0,29.086483870967744,,,,,
283,Jan,17.2823,0.5845,0.0,60.0,29.607806451612902,,,,,
284,Jan,20.651077419354838,0.7305,0.0,60.0,29.165,,,,,
285,Jan,17.34936129032258,0.5874,0.0,60.0,28.680129032258066,,,,,
286,Jan,16.582509677419356,0.5542,0.0,60.0,31.68777419354839,,,,,
287,Jan,19.605793548387094,0.6852,0.0,60.0,29.661612903225805,,,,,
288,Jan,19.413293548387095,0.6768,0.0,60.0,31.27583870967742,,,,,
289,Jan,15.688029032258065,0.5154,0.0,60.0,29.275354838709674,,,,,
290,Jan,15.766954838709678,0.5188,0.0,60.0,28.385451612903225,,,,,
291,Jan,18.52514516129032,0.6383,0.0,60.0,25.77341935483871,,,,,
292,Jan,16.0732,0.5321,0.0,60.0,31.64883870967742,,,,,
293,Jan,19.201109677419353,0.6676,0.0,60.0,26.963290322580644,,,,,
294,Jan,18.948790322580646,0.6567,0.0,60.0,27.020129032258065,,,,,
295,Jan,22.798132258064516,0.8235,0.0,60.0,29.293193548387094,,,,,
296,Jan,18.548525806451615,0.6394,0.0,60.0,28.881741935483873,,,,,
297,Jan,22.828,0.8248,0.0,60.0,31.822032258064514,,,,,
298,Jan,22.9201,0.8288,0.0,60.0,29.374451612903226,,,,,
299,Jan,21.43436451612903,0.7644,0.0,60.0,30.680774193548388,,,,,
300,Jan,25.052732258064516,0.9212,1.0,0.0,30.974774193548384,,,,,
301,Jan,19.335774193548385,0.6735,0.0,60.0,30.642548387096774,,,,,
302,Jan,17.413329032258066,0.5902,0.0,60.0,29.16283870967742,,,,,
303,Jan,18.808990322580645,0.6506,0.0,60.0,27.890741935483874,,,,,
304,Jan,18.127090322580646,0.6211,0.0,60.0,29.61574193548387,,,,,
305,Jan,19.831322580645164,0.6949,0.0,60.0,30.023387096774194,,,,,
306,Jan,21.872583870967745,0.7834,0.0,60.0,33.266838709677415,,,,,
307,Jan,18.402,0.633,0.0,60.0,27.823483870967742,,,,,
308,Jan,22.600299999999997,0.8149,0.0,60.0,27.87196774193548,,,,,
309,Jan,21.137774193548385,0.7515,0.0,60.0,31.997032258064518,,,,,
310,Jan,18.051254838709678,0.6178,0.0,60.0,29.42948387096774,,,,,
311,Jan,20.100409677419357,0.7066,0.0,60.0,28.867645161290323,,,,,
312,Jan,17.444667741935486,0.5915,0.0,60.0,28.229258064516127,,,,,
313,Jan,18.386780645161288,0.6324,0.0,60.0,33.68351612903226,,,,,
314,Jan,18.07817419354839,0.619,0.0,60.0,29.211580645161288,,,,,
315,Jan,17.34951612903226,0.5874,0.0,60.0,28.686645161290322,,,,,
316,Jan,24.486325806451614,0.8966,0.0,60.0,29.153032258064517,,,,,
317,Jan,18.292,0.6282,0.0,60.0,27.92509677419355,,,,,
318,Jan,21.238548387096774,0.7559,0.0,60.0,31.581290322580646,,,,,
319,Jan,22.35064193548387,0.8041,0.0,60.0,27.02025806451613,,,,,
320,Jan,22.335929032258065,0.8035,0.0,60.0,26.108387096774194,,,,,
321,Jan,18.369293548387095,0.6316,0.0,60.0,29.77616129032258,,,,,
322,Jan,21.79564193548387,0.7801,0.0,60.0,31.154903225806454,,,,,
323,Jan,18.33306129032258,0.63,0.0,60.0,27.595580645161288,,,,,
324,Jan,22.37126129032258,0.805,0.0,60.0,28.145451612903226,,,,,
325,Jan,18.12698387096774,0.6211,0.0,60.0,28.490225806451612,,,,,
326,Jan,21.01075806451613,0.746,0.0,60.0,30.391,,,,,
327,Jan,19.505109677419355,0.6808,0.0,60.0,29.805612903225803,,,,,
328,Jan,23.580525806451615,0.8574,0.0,60.0,31.22635483870968,,,,,
329,Jan,20.12227741935484,0.7075,0.0,60.0,29.215290322580646,,,,,
330,Jan,17.781248387096774,0.6061,0.0,60.0,30.37641935483871,,,,,
331,Jan,21.63030967741936,0.7729,0.0,60.0,29.884354838709676,,,,,
332,Jan,21.79846451612903,0.7802,0.0,60.0,30.27064516129032,,,,,
333,Jan,17.662419354838708,0.601,0.0,60.0,30.9561935483871,,,,,
334,Jan,24.275045161290322,0.8875,0.0,60.0,25.26383870967742,,,,,
335,Jan,21.201667741935484,0.7543,0.0,60.0,31.129516129032258,,,,,
336,Jan,17.75438709677419,0.605,0.0,60.0,28.841032258064516,,,,,
337,Jan,26.87196129032258,1.0,1.0,0.0,29.151870967741935,,,,,
338,Jan,22.415574193548387,0.8069,0.0,60.0,26.750612903225807,,,,,
339,Jan,20.53879677419355,0.7256,0.0,60.0,31.87570967741935,,,,,
340,Jan,18.874299999999998,0.6535,0.0,60.0,29.392225806451613,,,,,
341,Jan,18.639045161290323,0.6433,0.0,60.0,30.308451612903227,,,,,
342,Jan,17.45796129032258,0.5921,0.0,60.0,28.463161290322578,,,,,
343,Jan,15.65508064516129,0.514,0.0,60.0,27.478290322580644,,,,,
344,Jan,19.603945161290323,0.6851,0.0,60.0,30.193193548387097,,,,,
345,Jan,17.677029032258062,0.6016,0.0,60.0,27.732967741935482,,,,,
346,Jan,15.76146129032258,0.5186,0.0,60.0,27.695806451612903,,,,,
347,Jan,20.8448,0.7389,0.0,60.0,28.42964516129032,,,,,
348,Jan,19.454445161290323,0.6786,0.0,60.0,27.823838709677418,,,,,
349,Jan,20.10253870967742,0.7067,0.0,60.0,28.975161290322582,,,,,
350,Jan,15.243325806451612,0.4962,0.0,60.0,29.001354838709677,,,,,
351,Jan,21.110058064516128,0.7503,0.0,60.0,30.390483870967742,,,,,
352,Jan,23.361425806451614,0.8479,0.0,60.0,30.77567741935484,,,,,
353,Jan,18.908267741935482,0.6549,0.0,60.0,26.093225806451613,,,,,
354,Jan,18.254041935483873,0.6266,0.0,60.0,28.707806451612903,,,,,
355,Jan,18.774390322580643,0.6491,0.0,60.0,30.583516129032258,,,,,
356,Jan,23.875,0.8701,0.0,60.0,30.14309677419355,,,,,
357,Jan,22.03968064516129,0.7906,0.0,60.0,27.527806451612904,,,,,
358,Jan,24.452367741935486,0.8952,0.0,60.0,30.20316129032258,,,,,
359,Jan,19.342051612903226,0.6737,0.0,60.0,29.812354838709677,,,,,
360,Jan,22.510006451612902,0.811,0.0,60.0,26.858096774193548,,,,,
361,Jan,23.787964516129033,0.8664,0.0,60.0,27.868000000000002,,,,,
362,Jan,21.099232258064514,0.7499,0.0,60.0,30.605032258064515,,,,,
363,Jan,20.874706451612905,0.7401,0.0,60.0,32.23690322580645,,,,,
364,Jan,20.398848387096773,0.7195,0.0,60.0,29.27725806451613,,,,,
365,Jan,22.98952258064516,0.8318,0.0,60.0,29.08058064516129,,,,,
366,Jan,20.19716129032258,0.7108,0.0,60.0,31.8051935483871,,,,,
367,Jan,15.998083870967742,0.5289,0.0,60.0,29.312580645161294,,,,,
368,Jan,19.607641935483873,0.6852,0.0,60.0,28.856709677419353,,,,,
369,Jan,21.36998064516129,0.7616,0.0,60.0,27.803354838709676,,,,,
370,Jan,24.64198064516129,0.9034,1.0,0.0,29.639548387096774,,,,,
371,Jan,17.6298935483871,0.5996,0.0,60.0,27.195935483870965,,,,,
372,Jan,18.91449677419355,0.6552,0.0,60.0,30.217516129032255,,,,,
373,Jan,21.60335806451613,0.7717,0.0,60.0,28.13209677419355,,,,,
374,Jan,17.699816129032257,0.6026,0.0,60.0,30.562903225806455,,,,,
375,Jan,22.767745161290325,0.8222,0.0,60.0,29.781903225806452,,,,,
376,Jan,20.04627741935484,0.7043,0.0,60.0,29.634806451612903,,,,,
377,Jan,21.20689677419355,0.7545,0.0,60.0,27.413419354838712,,,,,
378,Jan,15.847096774193549,0.5223,0.0,60.0,28.43116129032258,,,,,
379,Jan,21.276593548387094,0.7576,0.0,60.0,28.26258064516129,,,,,
380,Jan,20.270945161290324,0.714,0.0,60.0,28.60906451612903,,,,,
381,Jan,18.025648387096776,0.6167,0.0,60.0,27.683806451612902,,,,,
382,Jan,17.39516774193548,0.5894,0.0,60.0,31.046612903225807,,,,,
383,Jan,20.15004193548387,0.7088,0.0,60.0,30.458,,,,,
384,Jan,22.777606451612904,0.8226,0.0,60.0,29.66683870967742,,,,,
385,Jan,13.379448387096774,0.4154,0.0,60.0,30.00993548387097,,,,,
386,Jan,20.49143548387097,0.7235,0.0,60.0,31.16509677419355,,,,,
387,Jan,17.149303225806452,0.5787,0.0,60.0,28.798967741935485,,,,,
388,Jan,19.868432258064516,0.6965,0.0,60.0,28.65425806451613,,,,,
389,Jan,23.53991935483871,0.8556,0.0,60.0,28.97825806451613,,,,,
390,Jan,18.334799999999998,0.6301,0.0,60.0,28.25006451612903,,,,,
391,Jan,22.33083870967742,0.8032,0.0,60.0,30.27025806451613,,,,,
392,Jan,24.54248064516129,0.8991,0.0,60.0,31.12232258064516,,,,,
393,Jan,22.80600322580645,0.8238,0.0,60.0,28.353774193548386,,,,,
394,Jan,20.910974193548387,0.7417,0.0,60.0,34.83712903225806,,,,,
395,Jan,18.81612258064516,0.651,0.0,60.0,29.68064516129032,,,,,
396,Jan,22.518716129032256,0.8114,0.0,60.0,31.52690322580645,,,,,
397,Jan,18.141129032258064,0.6217,0.0,60.0,29.368387096774192,,,,,
398,Jan,18.516119354838708,0.638,0.0,60.0,29.698193548387096,,,,,
399,Jan,13.07618064516129,0.4023,0.0,60.0,29.618774193548386,,,,,
400,Jan,24.380664516129034,0.8921,0.0,60.0,30.156870967741938,,,,,
401,Jan,21.519509677419354,0.7681,0.0,60.0,29.301161290322582,,,,,
402,Jan,19.698251612903228,0.6892,0.0,60.0,32.817193548387095,,,,,
403,Jan,22.190825806451613,0.7972,0.0,60.0,29.798516129032258,,,,,
404,Jan,21.746074193548385,0.7779,0.0,60.0,30.533741935483867,,,,,
405,Jan,22.58195161290323,0.8141,0.0,60.0,29.337838709677417,,,,,
406,Jan,25.005474193548388,0.9191,1.0,0.0,31.440645161290323,,,,,
407,Jan,16.202003225806454,0.5377,0.0,60.0,32.05951612903226,,,,,
408,Jan,21.738803225806453,0.7776,0.0,60.0,27.15383870967742,,,,,
409,Jan,21.06184516129032,0.7483,0.0,60.0,30.183612903225807,,,,,
410,Jan,20.703232258064517,0.7327,0.0,60.0,29.917387096774192,,,,,
411,Jan,19.690625806451614,0.6888,0.0,60.0,30.878096774193548,,,,,
412,Jan,22.52076451612903,0.8115,0.0,60.0,29.858225806451614,,,,,
413,Jan,20.978793548387095,0.7447,0.0,60.0,28.90058064516129,,,,,
414,Jan,18.85768064516129,0.6528,0.0,60.0,28.690161290322582,,,,,
415,Jan,21.85564838709677,0.7827,0.0,60.0,28.751354838709677,,,,,
416,Jan,18.282345161290323,0.6278,0.0,60.0,28.123193548387096,,,,,
417,Jan,20.026745161290325,0.7034,0.0,60.0,28.130741935483872,,,,,
418,Jan,16.496983870967743,0.5505,0.0,60.0,26.932129032258068,,,,,
419,Jan,15.104345161290322,0.4901,0.0,60.0,26.802387096774194,,,,,
420,Jan,22.34782258064516,0.804,0.0,60.0,26.532129032258062,,,,,
421,Jan,23.457451612903228,0.8521,0.0,60.0,30.629645161290323,,,,,
422,Jan,22.27087741935484,0.8006,0.0,60.0,29.232709677419354,,,,,
423,Jan,19.853906451612904,0.6959,0.0,60.0,28.152967741935484,,,,,
424,Jan,22.862048387096777,0.8263,0.0,60.0,27.25406451612903,,,,,
425,Jan,16.838219354838706,0.5653,0.0,60.0,29.329645161290323,,,,,
426,Jan,20.928709677419352,0.7425,0.0,60.0,30.377774193548387,,,,,
427,Jan,14.056393548387097,0.4447,0.0,60.0,27.65916129032258,,,,,
428,Jan,19.300351612903224,0.6719,0.0,60.0,30.784516129032255,,,,,
429,Jan,17.500545161290322,0.594,0.0,60.0,26.714774193548386,,,,,
430,Jan,16.298790322580643,0.5419,0.0,60.0,26.96383870967742,,,,,
431,Jan,23.059596774193547,0.8348,0.0,60.0,28.416612903225804,,,,,
432,Jan,19.56370322580645,0.6833,0.0,60.0,25.537161290322583,,,,,
433,Jan,20.414025806451612,0.7202,0.0,60.0,27.156354838709678,,,,,
434,Jan,20.001267741935486,0.7023,0.0,60.0,29.51858064516129,,,,,
435,Jan,18.403983870967743,0.6331,0.0,60.0,29.54635483870968,,,,,
436,Jan,23.68454193548387,0.8619,0.0,60.0,29.520677419354836,,,,,
437,Jan,20.538429032258062,0.7256,0.0,60.0,29.326999999999998,,,,,
438,Jan,21.973429032258064,0.7878,0.0,60.0,29.79732258064516,,,,,
439,Jan,20.165506451612906,0.7094,0.0,60.0,25.81135483870968,,,,,
440,Jan,22.43566451612903,0.8078,0.0,60.0,28.818774193548386,,,,,
441,Jan,19.850174193548387,0.6958,0.0,60.0,28.967354838709674,,,,,
442,Jan,19.72418064516129,0.6903,0.0,60.0,27.032387096774194,,,,,
443,Jan,19.105587096774194,0.6635,0.0,60.0,29.828225806451613,,,,,
444,Jan,17.55407741935484,0.5963,0.0,60.0,28.66741935483871,,,,,
445,Jan,18.525783870967743,0.6384,0.0,60.0,28.894032258064517,,,,,
446,Jan,17.609793548387096,0.5987,0.0,60.0,29.262870967741936,,,,,
447,Jan,20.29770322580645,0.7151,0.0,60.0,27.685193548387097,,,,,
448,Jan,19.42268387096774,0.6772,0.0,60.0,33.06445161290323,,,,,
449,Jan,19.789587096774195,0.6931,0.0,60.0,30.24758064516129,,,,,
450,Jan,18.88189677419355,0.6538,0.0,60.0,26.358483870967742,,,,,
451,Jan,22.614103225806453,0.8155,0.0,60.0,32.22877419354839,,,,,
452,Jan,20.44094193548387,0.7214,0.0,60.0,29.495806451612903,,,,,
453,Jan,23.42504193548387,0.8507,0.0,60.0,31.401096774193547,,,,,
454,Jan,18.30255806451613,0.6287,0.0,60.0,28.727548387096775,,,,,
455,Jan,15.549806451612902,0.5094,0.0,60.0,28.837451612903227,,,,,
456,Jan,19.466209677419354,0.6791,0.0,60.0,28.38016129032258,,,,,
457,Jan,19.740461290322582,0.691,0.0,60.0,28.731032258064516,,,,,
458,Jan,19.539990322580643,0.6823,0.0,60.0,27.666096774193548,,,,,
459,Jan,14.865703225806453,0.4798,0.0,60.0,27.653483870967744,,,,,
460,Jan,21.071793548387095,0.7487,0.0,60.0,26.513419354838707,,,,,
461,Jan,19.77128064516129,0.6923,0.0,60.0,29.743161290322583,,,,,
462,Jan,24.848332258064517,0.9123,1.0,0.0,25.303806451612903,,,,,
463,Jan,22.864387096774195,0.8264,0.0,60.0,29.81541935483871,,,,,
464,Jan,20.796077419354837,0.7367,0.0,60.0,27.453451612903226,,,,,
465,Jan,22.71731935483871,0.82,0.0,60.0,27.622870967741935,,,,,
466,Jan,17.13170322580645,0.578,0.0,60.0,29.668709677419354,,,,,
467,Jan,17.586609677419354,0.5977,0.0,60.0,25.381806451612903,,,,,
468,Jan,17.78216129032258,0.6062,0.0,60.0,28.701354838709676,,,,,
469,Jan,17.584390322580642,0.5976,0.0,60.0,31.152709677419356,,,,,
470,Jan,13.197383870967743,0.4075,0.0,60.0,26.624645161290324,,,,,
471,Jan,20.026816129032255,0.7034,0.0,60.0,25.692774193548388,,,,,
472,Jan,24.045535483870967,0.8775,0.0,60.0,32.693322580645166,,,,,
473,Jan,17.430212903225804,0.5909,0.0,60.0,29.490000000000002,,,,,
474,Jan,12.906770967741934,0.3949,0.0,60.0,27.417032258064516,,,,,
475,Jan,22.440632258064515,0.808,0.0,60.0,28.954064516129034,,,,,
476,Jan,21.214312903225807,0.7549,0.0,60.0,31.311258064516128,,,,,
477,Jan,18.734029032258064,0.6474,0.0,60.0,30.523935483870968,,,,,
478,Jan,16.67608387096774,0.5582,0.0,60.0,28.20058064516129,,,,,
479,Jan,20.105896774193546,0.7068,0.0,60.0,30.710806451612907,,,,,
480,Jan,21.76131935483871,0.7786,0.0,60.0,29.357967741935482,,,,,
481,Jan,20.20958064516129,0.7113,0.0,60.0,32.17732258064516,,,,,
482,Jan,24.67731612903226,0.9049,1.0,0.0,30.159,,,,,
483,Jan,21.088009677419354,0.7494,0.0,60.0,31.16348387096774,,,,,
484,Jan,19.942819354838708,0.6998,0.0,60.0,29.502129032258065,,,,,
485,Jan,19.471912903225807,0.6794,0.0,60.0,32.35316129032258,,,,,
486,Jan,20.551541935483872,0.7261,0.0,60.0,30.506967741935483,,,,,
487,Jan,16.83928387096774,0.5653,0.0,60.0,29.381709677419355,,,,,
488,Jan,16.249038709677418,0.5397,0.0,60.0,29.98622580645161,,,,,
489,Jan,21.382690322580643,0.7622,0.0,60.0,28.50764516129032,,,,,
490,Jan,21.86816451612903,0.7832,0.0,60.0,28.14883870967742,,,,,
491,Jan,17.501732258064518,0.594,0.0,60.0,27.390290322580643,,,,,
492,Jan,16.603996774193547,0.5551,0.0,60.0,26.712193548387095,,,,,
493,Jan,22.677709677419355,0.8183,0.0,60.0,28.680935483870968,,,,,
494,Jan,13.349412903225806,0.4141,0.0,60.0,31.94948387096774,,,,,
495,Jan,22.911667741935485,0.8284,0.0,60.0,31.840645161290322,,,,,
496,Jan,19.46647741935484,0.6791,0.0,60.0,27.887000000000004,,,,,
497,Jan,21.276232258064518,0.7575,0.0,60.0,27.58254838709677,,,,,
498,Jan,18.898874193548387,0.6545,0.0,60.0,29.684709677419356,,,,,
499,Jan,16.71611935483871,0.56,0.0,60.0,30.201032258064515,,,,,
500,Jan,19.60708387096774,0.6852,0.0,60.0,29.88867741935484,,,,,
501,Jan,17.440241935483872,0.5913,0.0,60.0,28.712677419354836,,,,,
502,Jan,18.10921935483871,0.6203,0.0,60.0,31.58116129032258,,,,,
503,Jan,17.34096451612903,0.587,0.0,60.0,28.65393548387097,,,,,
504,Jan,21.226512903225807,0.7554,0.0,60.0,32.16093548387097,,,,,
505,Jan,24.847312903225806,0.9123,1.0,0.0,27.780354838709677,,,,,
506,Jan,22.396593548387095,0.8061,0.0,60.0,28.09483870967742,,,,,
507,Jan,19.40448064516129,0.6764,0.0,60.0,24.604741935483872,,,,,
508,Jan,19.74760322580645,0.6913,0.0,60.0,30.865387096774192,,,,,
509,Jan,20.83596451612903,0.7385,0.0,60.0,32.199387096774196,,,,,
510,Jan,16.59566451612903,0.5547,0.0,60.0,28.58132258064516,,,,,
511,Jan,17.9813935483871,0.6148,0.0,60.0,33.84777419354838,,,,,
512,Jan,24.035351612903227,0.8771,0.0,60.0,31.38190322580645,,,,,
513,Jan,18.54398387096774,0.6392,0.0,60.0,29.079870967741936,,,,,
514,Jan,22.2436,0.7995,0.0,60.0,31.039193548387097,,,,,
515,Jan,20.211906451612904,0.7114,0.0,60.0,28.657806451612906,,,,,
516,Jan,20.64261612903226,0.7301,0.0,60.0,30.60241935483871,,,,,
517,Jan,17.896206451612905,0.6111,0.0,60.0,29.369032258064514,,,,,
518,Jan,21.50906451612903,0.7676,0.0,60.0,28.727354838709676,,,,,
519,Jan,17.214412903225806,0.5816,0.0,60.0,28.772645161290324,,,,,
520,Jan,21.079848387096778,0.749,0.0,60.0,26.2668064516129,,,,,
521,Jan,19.940209677419354,0.6997,0.0,60.0,29.22890322580645,,,,,
522,Jan,23.069006451612903,0.8352,0.0,60.0,27.26067741935484,,,,,
523,Jan,20.222532258064515,0.7119,0.0,60.0,32.01025806451613,,,,,
524,Jan,17.015116129032258,0.5729,0.0,60.0,26.940193548387096,,,,,
525,Jan,20.012051612903225,0.7028,0.0,60.0,32.154806451612906,,,,,
526,Jan,19.463551612903224,0.679,0.0,60.0,25.574935483870966,,,,,
527,Jan,18.759841935483873,0.6485,0.0,60.0,29.170516129032258,,,,,
528,Jan,19.59636129032258,0.6848,0.0,60.0,28.854935483870968,,,,,
529,Jan,22.63051290322581,0.8162,0.0,60.0,29.147645161290324,,,,,
530,Jan,20.15996129032258,0.7092,0.0,60.0,26.42983870967742,,,,,
531,Jan,21.624322580645163,0.7726,0.0,60.0,27.947870967741935,,,,,
532,Jan,19.000309677419356,0.6589,0.0,60.0,28.666129032258063,,,,,
533,Jan,17.811987096774192,0.6074,0.0,60.0,32.064290322580646,,,,,
534,Jan,22.433003225806452,0.8077,0.0,60.0,30.812451612903224,,,,,
535,Jan,18.621064516129035,0.6425,0.0,60.0,28.774806451612903,,,,,
536,Jan,19.59523870967742,0.6847,0.0,60.0,28.72367741935484,,,,,
537,Jan,20.67759677419355,0.7316,0.0,60.0,29.99258064516129,,,,,
538,Jan,22.528674193548387,0.8118,0.0,60.0,32.16316129032258,,,,,
539,Jan,16.94828064516129,0.57,0.0,60.0,30.553483870967742,,,,,
540,Jan,17.64628064516129,0.6003,0.0,60.0,29.32425806451613,,,,,
541,Jan,17.767051612903224,0.6055,0.0,60.0,27.554709677419357,,,,,
542,Jan,17.413912903225807,0.5902,0.0,60.0,30.818032258064516,,,,,
543,Jan,22.074651612903228,0.7921,0.0,60.0,29.767935483870968,,,,,
544,Jan,19.83460322580645,0.6951,0.0,60.0,30.01674193548387,,,,,
545,Jan,20.671916129032258,0.7314,0.0,60.0,32.07951612903226,,,,,
546,Jan,19.176890322580647,0.6666,0.0,60.0,28.515032258064515,,,,,
547,Jan,20.445767741935484,0.7216,0.0,60.0,29.466741935483874,,,,,
548,Jan,18.841664516129033,0.6521,0.0,60.0,26.72990322580645,,,,,
549,Jan,20.495906451612903,0.7237,0.0,60.0,31.217129032258065,,,,,
550,Jan,21.882616129032257,0.7838,0.0,60.0,29.88432258064516,,,,,
551,Jan,18.269067741935483,0.6273,0.0,60.0,28.812806451612904,,,,,
552,Jan,22.01207741935484,0.7894,0.0,60.0,32.523870967741935,,,,,
553,Jan,19.11194193548387,0.6638,0.0,60.0,27.791064516129033,,,,,
554,Jan,17.12327741935484,0.5776,0.0,60.0,31.104774193548383,,,,,
555,Jan,18.07644193548387,0.6189,0.0,60.0,29.114129032258067,,,,,
556,Jan,19.99289677419355,0.7019,0.0,60.0,29.998354838709677,,,,,
557,Jan,19.6176935483871,0.6857,0.0,60.0,30.389451612903226,,,,,
558,Jan,20.339906451612904,0.717,0.0,60.0,30.02374193548387,,,,,
559,Jan,16.561112903225805,0.5532,0.0,60.0,26.43283870967742,,,,,
560,Jan,17.80407741935484,0.6071,0.0,60.0,27.610806451612905,,,,,
561,Jan,23.38892258064516,0.8491,0.0,60.0,29.903290322580645,,,,,
562,Jan,19.63215806451613,0.6863,0.0,60.0,27.21351612903226,,,,,
563,Jan,20.685151612903226,0.7319,0.0,60.0,30.67058064516129,,,,,
564,Jan,21.838529032258066,0.7819,0.0,60.0,29.18248387096774,,,,,
565,Jan,17.336225806451612,0.5868,0.0,60.0,28.152806451612904,,,,,
566,Jan,18.211435483870968,0.6248,0.0,60.0,25.607741935483872,,,,,
567,Jan,22.3648,0.8047,0.0,60.0,29.068354838709677,,,,,
568,Jan,24.09119677419355,0.8795,0.0,60.0,30.34832258064516,,,,,
569,Jan,14.82380322580645,0.478,0.0,60.0,33.48422580645161,,,,,
570,Jan,18.67898387096774,0.645,0.0,60.0,32.51832258064516,,,,,
571,Jan,22.138258064516126,0.7949,0.0,60.0,29.159129032258065,,,,,
572,Jan,18.981193548387097,0.6581,0.0,60.0,26.11390322580645,,,,,
573,Jan,17.9937064516129,0.6153,0.0,60.0,32.44916129032258,,,,,
574,Jan,19.0994,0.6632,0.0,60.0,26.05458064516129,,,,,
575,Jan,17.87869677419355,0.6103,0.0,60.0,29.851225806451612,,,,,
576,Jan,22.232354838709675,0.799,0.0,60.0,32.5078064516129,,,,,
577,Jan,21.71488064516129,0.7766,0.0,60.0,27.984870967741934,,,,,
578,Jan,19.675270967741934,0.6882,0.0,60.0,28.71177419354839,,,,,
579,Jan,20.348200000000002,0.7173,0.0,60.0,22.767935483870968,,,,,
580,Jan,18.325645161290325,0.6297,0.0,60.0,26.5838064516129,,,,,
581,Jan,19.08017096774194,0.6624,0.0,60.0,30.18793548387097,,,,,
582,Jan,21.091267741935482,0.7495,0.0,60.0,28.855677419354837,,,,,
583,Jan,22.69747741935484,0.8191,0.0,60.0,30.04261290322581,,,,,
584,Jan,18.086812903225805,0.6194,0.0,60.0,30.751709677419356,,,,,
585,Jan,21.918390322580645,0.7854,0.0,60.0,33.45377419354839,,,,,
586,Jan,20.594851612903224,0.728,0.0,60.0,34.07709677419355,,,,,
587,Jan,19.523609677419355,0.6816,0.0,60.0,28.201967741935484,,,,,
588,Jan,20.37673548387097,0.7186,0.0,60.0,30.304903225806452,,,,,
589,Jan,15.738758064516128,0.5176,0.0,60.0,29.433096774193547,,,,,
590,Jan,20.950448387096774,0.7434,0.0,60.0,29.306290322580644,,,,,
591,Jan,15.929616129032258,0.5259,0.0,60.0,28.759516129032257,,,,,
592,Jan,19.144641935483868,0.6652,0.0,60.0,28.732967741935482,,,,,
593,Jan,22.547567741935485,0.8126,0.0,60.0,27.376032258064516,,,,,
594,Jan,22.32904193548387,0.8032,0.0,60.0,30.218645161290322,,,,,
595,Jan,21.76692258064516,0.7788,0.0,60.0,27.90025806451613,,,,,
596,Jan,16.685964516129033,0.5587,0.0,60.0,27.45709677419355,,,,,
597,Jan,23.64871935483871,0.8603,0.0,60.0,34.05612903225806,,,,,
598,Jan,17.804503225806453,0.6071,0.0,60.0,29.54548387096774,,,,,
599,Jan,16.897903225806452,0.5678,0.0,60.0,30.49577419354839,,,,,
600,Jan,19.49833870967742,0.6805,0.0,60.0,29.307225806451612,,,,,
601,Jan,16.477412903225808,0.5496,0.0,60.0,28.229193548387098,,,,,
602,Jan,16.14687741935484,0.5353,0.0,60.0,28.16338709677419,,,,,
603,Jan,23.265390322580643,0.8437,0.0,60.0,30.356193548387097,,,,,
604,Jan,17.231248387096777,0.5823,0.0,60.0,28.74538709677419,,,,,
605,Jan,21.86424193548387,0.783,0.0,60.0,27.30016129032258,,,,,
606,Jan,18.9804,0.6581,0.0,60.0,28.67425806451613,,,,,
607,Jan,19.785458064516128,0.693,0.0,60.0,31.223741935483872,,,,,
608,Jan,19.144567741935482,0.6652,0.0,60.0,29.116806451612902,,,,,
609,Jan,23.121235483870965,0.8375,0.0,60.0,28.598774193548387,,,,,
610,Jan,16.308170967741933,0.5423,0.0,60.0,28.58951612903226,,,,,
611,Jan,15.529025806451614,0.5085,0.0,60.0,29.40393548387097,,,,,
612,Jan,17.994290322580646,0.6153,0.0,60.0,29.466967741935484,,,,,
613,Jan,18.414222580645163,0.6335,0.0,60.0,24.09864516129032,,,,,
614,Jan,18.41233548387097,0.6335,0.0,60.0,30.714903225806452,,,,,
615,Jan,19.137887096774193,0.6649,0.0,60.0,32.07941935483871,,,,,
616,Jan,20.018574193548385,0.7031,0.0,60.0,32.120225806451614,,,,,
617,Jan,22.20387741935484,0.7977,0.0,60.0,29.900387096774196,,,,,
618,Jan,21.067306451612904,0.7485,0.0,60.0,31.243612903225806,,,,,
619,Jan,19.58344193548387,0.6842,0.0,60.0,31.428032258064516,,,,,
620,Jan,19.52152258064516,0.6815,0.0,60.0,29.93738709677419,,,,,
621,Jan,19.893358064516132,0.6976,0.0,60.0,28.536387096774195,,,,,
622,Jan,13.850574193548386,0.4358,0.0,60.0,26.662161290322583,,,,,
623,Jan,18.261164516129032,0.6269,0.0,60.0,28.835322580645162,,,,,
624,Jan,20.32442580645161,0.7163,0.0,60.0,32.17448387096774,,,,,
625,Jan,22.1133,0.7938,0.0,60.0,31.804870967741937,,,,,
626,Jan,17.639280645161293,0.6,0.0,60.0,27.91790322580645,,,,,
627,Jan,17.445,0.5915,0.0,60.0,31.220161290322583,,,,,
628,Jan,18.30400322580645,0.6288,0.0,60.0,29.65806451612903,,,,,
629,Jan,18.45963548387097,0.6355,0.0,60.0,30.55309677419355,,,,,
630,Jan,22.141822580645158,0.7951,0.0,60.0,25.809354838709677,,,,,
631,Jan,24.042329032258067,0.8774,0.0,60.0,27.014709677419354,,,,,
632,Jan,15.852716129032258,0.5226,0.0,60.0,28.717032258064513,,,,,
633,Jan,16.39590322580645,0.5461,0.0,60.0,27.93916129032258,,,,,
634,Jan,17.721,0.6035,0.0,60.0,27.149741935483874,,,,,
635,Jan,19.07837741935484,0.6623,0.0,60.0,29.95267741935484,,,,,
636,Jan,18.78452580645161,0.6496,0.0,60.0,27.715258064516128,,,,,
637,Jan,21.680512903225807,0.7751,0.0,60.0,32.329741935483874,,,,,
638,Jan,19.420906451612904,0.6772,0.0,60.0,29.472064516129034,,,,,
639,Jan,22.057187096774193,0.7914,0.0,60.0,27.57606451612903,,,,,
640,Jan,20.386090322580646,0.719,0.0,60.0,30.194,,,,,
641,Jan,18.542093548387097,0.6391,0.0,60.0,31.34058064516129,,,,,
642,Jan,16.47006129032258,0.5493,0.0,60.0,27.34406451612903,,,,,
643,Jan,23.141022580645163,0.8383,0.0,60.0,32.2668064516129,,,,,
644,Jan,17.632745161290323,0.5997,0.0,60.0,28.496709677419357,,,,,
645,Jan,15.758045161290323,0.5185,0.0,60.0,28.39851612903226,,,,,
646,Jan,18.636845161290324,0.6432,0.0,60.0,28.934967741935484,,,,,
647,Jan,26.16175806451613,0.9692,1.0,0.0,32.016387096774196,,,,,
648,Jan,21.394174193548388,0.7627,0.0,60.0,29.310870967741938,,,,,
649,Jan,17.08309032258065,0.5759,0.0,60.0,26.421322580645164,,,,,
650,Jan,23.733661290322583,0.864,0.0,60.0,31.323774193548388,,,,,
651,Jan,23.47014193548387,0.8526,0.0,60.0,31.333935483870967,,,,,
652,Jan,16.74036129032258,0.561,0.0,60.0,29.50693548387097,,,,,
653,Jan,16.25055483870968,0.5398,0.0,60.0,32.33164516129032,,,,,
654,Jan,25.017474193548388,0.9196,1.0,0.0,29.533483870967743,,,,,
655,Jan,21.641783870967743,0.7734,0.0,60.0,31.334870967741935,,,,,
656,Jan,26.124299999999998,0.9676,1.0,0.0,28.044193548387096,,,,,
657,Jan,14.3157,0.456,0.0,60.0,31.073193548387096,,,,,
658,Jan,19.908674193548386,0.6983,0.0,60.0,27.81925806451613,,,,,
659,Jan,17.545274193548387,0.5959,0.0,60.0,31.493322580645163,,,,,
660,Jan,19.647629032258063,0.687,0.0,60.0,26.09951612903226,,,,,
661,Jan,19.13627741935484,0.6648,0.0,60.0,29.359548387096773,,,,,
662,Jan,16.44990322580645,0.5484,0.0,60.0,28.25367741935484,,,,,
663,Jan,18.161280645161288,0.6226,0.0,60.0,26.544064516129033,,,,,
664,Jan,21.246835483870967,0.7563,0.0,60.0,31.288677419354837,,,,,
665,Jan,17.51328064516129,0.5945,0.0,60.0,29.890645161290323,,,,,
666,Jan,21.77888064516129,0.7793,0.0,60.0,26.695967741935487,,,,,
667,Jan,24.64672903225806,0.9036,1.0,0.0,24.712419354838712,,,,,
668,Jan,23.08269677419355,0.8358,0.0,60.0,28.213387096774195,,,,,
669,Jan,19.369819354838707,0.6749,0.0,60.0,28.714000000000002,,,,,
670,Jan,20.767612903225807,0.7355,0.0,60.0,26.763806451612904,,,,,
671,Jan,16.295264516129034,0.5417,0.0,60.0,28.442387096774194,,,,,
672,Jan,22.919912903225807,0.8288,0.0,60.0,26.496193548387097,,,,,
673,Jan,16.146032258064515,0.5353,0.0,60.0,28.06674193548387,,,,,
674,Jan,20.527738709677422,0.7251,0.0,60.0,29.68348387096774,,,,,
675,Jan,13.773041935483871,0.4324,0.0,60.0,29.09716129032258,,,,,
676,Jan,19.32601935483871,0.673,0.0,60.0,28.98516129032258,,,,,
677,Jan,23.45158387096774,0.8518,0.0,60.0,32.71174193548387,,,,,
678,Jan,20.26935806451613,0.7139,0.0,60.0,30.163612903225808,,,,,
679,Jan,18.933854838709674,0.6561,0.0,60.0,31.305870967741935,,,,,
680,Jan,21.94656129032258,0.7866,0.0,60.0,28.90048387096774,,,,,
681,Jan,20.04981612903226,0.7044,0.0,60.0,29.369,,,,,
682,Jan,19.572393548387097,0.6837,0.0,60.0,31.183709677419355,,,,,
683,Jan,22.099767741935484,0.7932,0.0,60.0,30.71264516129032,,,,,
684,Jan,21.555225806451613,0.7696,0.0,60.0,33.76254838709678,,,,,
685,Jan,22.1236935483871,0.7943,0.0,60.0,30.59035483870968,,,,,
686,Jan,22.797125806451614,0.8234,0.0,60.0,30.012451612903224,,,,,
687,Jan,19.22884838709677,0.6688,0.0,60.0,25.859354838709677,,,,,
688,Jan,16.99936451612903,0.5722,0.0,60.0,30.070096774193548,,,,,
689,Jan,19.132845161290323,0.6647,0.0,60.0,29.531193548387098,,,,,
690,Jan,22.152935483870966,0.7955,0.0,60.0,29.699354838709677,,,,,
691,Jan,20.218332258064514,0.7117,0.0,60.0,29.69464516129032,,,,,
692,Jan,23.469348387096776,0.8526,0.0,60.0,27.798387096774192,,,,,
693,Jan,22.378454838709676,0.8053,0.0,60.0,33.04303225806452,,,,,
694,Jan,23.49066129032258,0.8535,0.0,60.0,28.173903225806452,,,,,
695,Jan,18.744612903225807,0.6479,0.0,60.0,29.903161290322583,,,,,
696,Jan,21.90145483870968,0.7846,0.0,60.0,28.367483870967742,,,,,
697,Jan,18.522890322580647,0.6382,0.0,60.0,29.850161290322582,,,,,
698,Jan,19.289048387096773,0.6714,0.0,60.0,26.517774193548384,,,,,
699,Jan,17.499493548387097,0.5939,0.0,60.0,31.345000000000002,,,,,
700,Jan,19.687212903225806,0.6887,0.0,60.0,31.96216129032258,,,,,
701,Jan,21.236029032258067,0.7558,0.0,60.0,26.118548387096773,,,,,
702,Jan,21.16886451612903,0.7529,0.0,60.0,31.697741935483872,,,,,
703,Jan,12.774925806451613,0.3892,0.0,60.0,29.01890322580645,,,,,
704,Jan,17.961103225806454,0.6139,0.0,60.0,30.660225806451614,,,,,
705,Jan,18.38747419354839,0.6324,0.0,60.0,30.236903225806454,,,,,
706,Jan,18.699180645161288,0.6459,0.0,60.0,27.490032258064517,,,,,
707,Jan,23.631899999999998,0.8596,0.0,60.0,26.98125806451613,,,,,
708,Jan,22.144174193548384,0.7952,0.0,60.0,27.73632258064516,,,,,
709,Jan,19.940161290322582,0.6997,0.0,60.0,29.263,,,,,
710,Jan,16.408870967741937,0.5467,0.0,60.0,30.955645161290324,,,,,
711,Jan,16.038587096774194,0.5306,0.0,60.0,26.106290322580644,,,,,
712,Jan,21.436809677419355,0.7645,0.0,60.0,29.63774193548387,,,,,
713,Jan,16.403670967741935,0.5464,0.0,60.0,29.823096774193548,,,,,
714,Jan,20.45488387096774,0.722,0.0,60.0,25.46622580645161,,,,,
715,Jan,19.160003225806452,0.6659,0.0,60.0,29.502129032258065,,,,,
716,Jan,18.882990322580646,0.6539,0.0,60.0,30.364193548387096,,,,,
717,Jan,15.274096774193547,0.4975,0.0,60.0,24.481645161290324,,,,,
718,Jan,22.268532258064514,0.8005,0.0,60.0,28.623354838709677,,,,,
719,Jan,21.341496774193548,0.7604,0.0,60.0,29.16832258064516,,,,,
720,Jan,18.272406451612905,0.6274,0.0,60.0,27.425870967741936,,,,,
721,Jan,21.327212903225806,0.7598,0.0,60.0,29.41196774193548,,,,,
722,Jan,17.890848387096774,0.6109,0.0,60.0,29.21832258064516,,,,,
723,Jan,20.19376129032258,0.7106,0.0,60.0,29.601129032258065,,,,,
724,Jan,18.04036451612903,0.6173,0.0,60.0,29.14422580645161,,,,,
725,Jan,18.442793548387094,0.6348,0.0,60.0,28.340548387096774,,,,,
726,Jan,23.8668,0.8698,0.0,60.0,31.320483870967745,,,,,
727,Jan,22.639603225806454,0.8166,0.0,60.0,30.589935483870967,,,,,
728,Jan,17.24445806451613,0.5829,0.0,60.0,27.293741935483872,,,,,
729,Jan,21.377732258064515,0.7619,0.0,60.0,29.727741935483873,,,,,
730,Jan,18.906354838709678,0.6549,0.0,60.0,31.93074193548387,,,,,
731,Jan,17.16986451612903,0.5796,0.0,60.0,31.029548387096774,,,,,
732,Jan,20.699251612903225,0.7325,0.0,60.0,26.63806451612903,,,,,
733,Jan,20.49691935483871,0.7238,0.0,60.0,29.949709677419357,,,,,
734,Jan,19.513835483870967,0.6812,0.0,60.0,27.88967741935484,,,,,
735,Jan,21.81240322580645,0.7808,0.0,60.0,27.719032258064516,,,,,
736,Jan,17.87724193548387,0.6103,0.0,60.0,29.610258064516128,,,,,
737,Jan,19.981603225806452,0.7015,0.0,60.0,30.70948387096774,,,,,
738,Jan,21.155796774193547,0.7523,0.0,60.0,27.35141935483871,,,,,
739,Jan,19.907767741935483,0.6983,0.0,60.0,30.775354838709674,,,,,
740,Jan,21.340277419354837,0.7603,0.0,60.0,28.41941935483871,,,,,
741,Jan,21.58668387096774,0.771,0.0,60.0,30.523774193548388,,,,,
742,Jan,21.0358,0.7471,0.0,60.0,29.33222580645161,,,,,
743,Jan,19.65156129032258,0.6872,0.0,60.0,31.552193548387095,,,,,
744,Jan,20.469864516129032,0.7226,0.0,60.0,29.126483870967743,,,,,
745,Jan,19.49794193548387,0.6805,0.0,60.0,29.91541935483871,,,,,
746,Jan,20.7926,0.7366,0.0,60.0,31.446290322580648,,,,,
747,Jan,16.454829032258065,0.5486,0.0,60.0,27.86216129032258,,,,,
748,Jan,21.84241935483871,0.7821,0.0,60.0,29.58341935483871,,,,,
749,Jan,17.807309677419354,0.6072,0.0,60.0,26.538580645161293,,,,,
750,Jan,13.469754838709678,0.4193,0.0,60.0,23.48067741935484,,,,,
751,Jan,19.3411064516129,0.6737,0.0,60.0,27.396806451612903,,,,,
752,Jan,19.438406451612902,0.6779,0.0,60.0,29.014193548387095,,,,,
753,Jan,21.688429032258068,0.7754,0.0,60.0,28.443645161290323,,,,,
754,Jan,24.06704193548387,0.8785,0.0,60.0,30.860064516129032,,,,,
755,Jan,25.214348387096774,0.9282,1.0,0.0,29.609903225806452,,,,,
756,Jan,18.658851612903227,0.6441,0.0,60.0,28.748774193548385,,,,,
757,Jan,19.060474193548387,0.6615,0.0,60.0,30.003483870967745,,,,,
758,Jan,21.40553870967742,0.7631,0.0,60.0,26.704096774193548,,,,,
759,Jan,14.288270967741935,0.4548,0.0,60.0,29.75216129032258,,,,,
760,Jan,21.448829032258068,0.765,0.0,60.0,32.26432258064516,,,,,
761,Jan,23.725754838709676,0.8637,0.0,60.0,31.50812903225806,,,,,
762,Jan,18.801490322580644,0.6503,0.0,60.0,29.02348387096774,,,,,
763,Jan,20.505067741935484,0.7241,0.0,60.0,30.068354838709677,,,,,
764,Jan,20.016548387096776,0.703,0.0,60.0,29.119806451612906,,,,,
765,Jan,17.889025806451613,0.6108,0.0,60.0,24.435096774193546,,,,,
766,Jan,20.430738709677417,0.7209,0.0,60.0,28.249000000000002,,,,,
767,Jan,18.746174193548388,0.6479,0.0,60.0,28.730225806451614,,,,,
768,Jan,22.478783870967742,0.8097,0.0,60.0,30.213483870967742,,,,,
769,Jan,20.668580645161292,0.7312,0.0,60.0,27.378483870967745,,,,,
770,Jan,18.94872258064516,0.6567,0.0,60.0,29.202387096774192,,,,,
771,Jan,19.613893548387097,0.6855,0.0,60.0,26.91277419354839,,,,,
772,Jan,19.04920322580645,0.6611,0.0,60.0,31.014290322580646,,,,,
773,Jan,20.293487096774196,0.715,0.0,60.0,31.53048387096774,,,,,
774,Jan,20.73785806451613,0.7342,0.0,60.0,31.108064516129033,,,,,
775,Jan,18.488083870967742,0.6367,0.0,60.0,28.320870967741936,,,,,
776,Jan,19.714890322580647,0.6899,0.0,60.0,30.772903225806452,,,,,
777,Jan,15.743951612903226,0.5178,0.0,60.0,28.461870967741934,,,,,
778,Jan,24.62277741935484,0.9025,1.0,0.0,31.115225806451612,,,,,
779,Jan,21.254512903225805,0.7566,0.0,60.0,26.91916129032258,,,,,
780,Jan,19.75055483870968,0.6914,0.0,60.0,32.58129032258064,,,,,
781,Jan,18.397299999999998,0.6328,0.0,60.0,29.744290322580646,,,,,
782,Jan,22.315141935483872,0.8026,0.0,60.0,29.089193548387097,,,,,
783,Jan,18.457916129032256,0.6354,0.0,60.0,28.749580645161288,,,,,
784,Jan,22.99066129032258,0.8318,0.0,60.0,31.067612903225807,,,,,
785,Jan,20.611925806451612,0.7288,0.0,60.0,34.36251612903226,,,,,
786,Jan,19.428509677419356,0.6775,0.0,60.0,28.992451612903224,,,,,
787,Jan,18.46943225806452,0.6359,0.0,60.0,30.396451612903224,,,,,
788,Jan,21.744032258064518,0.7778,0.0,60.0,31.03916129032258,,,,,
789,Jan,21.876022580645163,0.7835,0.0,60.0,31.092354838709678,,,,,
790,Jan,19.369587096774197,0.6749,0.0,60.0,30.268193548387096,,,,,
791,Jan,20.029532258064513,0.7035,0.0,60.0,27.81283870967742,,,,,
792,Jan,20.11827741935484,0.7074,0.0,60.0,29.91993548387097,,,,,
793,Jan,20.788270967741937,0.7364,0.0,60.0,29.43067741935484,,,,,
794,Jan,17.336038709677418,0.5868,0.0,60.0,33.98290322580645,,,,,
795,Jan,22.708503225806453,0.8196,0.0,60.0,30.555,,,,,
796,Jan,18.91941290322581,0.6554,0.0,60.0,30.86432258064516,,,,,
797,Jan,17.297848387096774,0.5852,0.0,60.0,28.738290322580646,,,,,
798,Jan,18.867383870967743,0.6532,0.0,60.0,32.44506451612903,,,,,
799,Jan,15.635490322580646,0.5131,0.0,60.0,30.78048387096774,,,,,
800,Jan,19.64408387096774,0.6868,0.0,60.0,28.94574193548387,,,,,
801,Jan,17.016970967741937,0.573,0.0,60.0,28.531903225806452,,,,,
802,Jan,22.41046129032258,0.8067,0.0,60.0,31.149322580645162,,,,,
803,Jan,20.894951612903228,0.741,0.0,60.0,28.042967741935485,,,,,
804,Jan,17.376670967741934,0.5886,0.0,60.0,27.938225806451616,,,,,
805,Jan,19.347964516129032,0.674,0.0,60.0,26.167290322580648,,,,,
806,Jan,22.792054838709678,0.8232,0.0,60.0,27.400516129032255,,,,,
807,Jan,15.655103225806451,0.514,0.0,60.0,27.688516129032255,,,,,
808,Jan,15.57538064516129,0.5105,0.0,60.0,29.159548387096773,,,,,
809,Jan,23.231703225806452,0.8423,0.0,60.0,30.535354838709676,,,,,
810,Jan,18.845132258064517,0.6522,0.0,60.0,31.577903225806452,,,,,
811,Jan,20.293319354838708,0.715,0.0,60.0,27.29290322580645,,,,,
812,Jan,15.029835483870967,0.4869,0.0,60.0,28.299354838709675,,,,,
813,Jan,18.86946451612903,0.6533,0.0,60.0,30.472354838709677,,,,,
814,Jan,17.446703225806452,0.5916,0.0,60.0,32.22132258064516,,,,,
815,Jan,24.212164516129032,0.8848,0.0,60.0,29.72625806451613,,,,,
816,Jan,15.256574193548387,0.4967,0.0,60.0,29.743161290322583,,,,,
817,Jan,21.940174193548387,0.7863,0.0,60.0,32.14583870967742,,,,,
818,Jan,22.22573870967742,0.7987,0.0,60.0,33.188870967741934,,,,,
819,Jan,19.377351612903226,0.6753,0.0,60.0,29.312709677419353,,,,,
820,Jan,19.376270967741934,0.6752,0.0,60.0,28.43548387096774,,,,,
821,Jan,24.759890322580645,0.9085,1.0,0.0,32.715806451612906,,,,,
822,Jan,20.551587096774192,0.7261,0.0,60.0,27.783645161290323,,,,,
823,Jan,21.896035483870968,0.7844,0.0,60.0,31.995258064516133,,,,,
824,Jan,20.843003225806452,0.7388,0.0,60.0,28.962129032258066,,,,,
825,Jan,18.223274193548388,0.6253,0.0,60.0,26.744193548387095,,,,,
826,Jan,19.258829032258063,0.6701,0.0,60.0,29.984193548387097,,,,,
827,Jan,14.81691935483871,0.4777,0.0,60.0,29.986612903225808,,,,,
828,Jan,17.284225806451612,0.5846,0.0,60.0,29.597032258064516,,,,,
829,Jan,21.54601612903226,0.7692,0.0,60.0,28.205612903225806,,,,,
830,Jan,19.158638709677422,0.6658,0.0,60.0,30.581,,,,,
831,Jan,18.21666129032258,0.625,0.0,60.0,28.371354838709674,,,,,
832,Jan,20.82664838709677,0.7381,0.0,60.0,30.92583870967742,,,,,
833,Jan,19.088893548387098,0.6628,0.0,60.0,30.908032258064516,,,,,
834,Jan,21.261206451612903,0.7569,0.0,60.0,30.56858064516129,,,,,
835,Jan,18.12756129032258,0.6211,0.0,60.0,32.04983870967742,,,,,
836,Jan,20.65859677419355,0.7308,0.0,60.0,28.65648387096774,,,,,
837,Jan,20.192170967741937,0.7106,0.0,60.0,25.56732258064516,,,,,
838,Jan,22.836406451612902,0.8251,0.0,60.0,31.77190322580645,,,,,
839,Jan,19.98482580645161,0.7016,0.0,60.0,29.311612903225804,,,,,
840,Jan,22.4433064516129,0.8081,0.0,60.0,31.71206451612903,,,,,
841,Jan,20.528038709677418,0.7251,0.0,60.0,28.195967741935487,,,,,
842,Jan,18.182454838709678,0.6235,0.0,60.0,28.464354838709678,,,,,
843,Jan,18.710658064516128,0.6464,0.0,60.0,28.73032258064516,,,,,
844,Jan,17.853135483870965,0.6092,0.0,60.0,28.25783870967742,,,,,
845,Jan,14.6503,0.4705,0.0,60.0,31.181129032258063,,,,,
846,Jan,18.55666451612903,0.6397,0.0,60.0,29.152935483870966,,,,,
847,Jan,18.236945161290322,0.6259,0.0,60.0,29.957645161290323,,,,,
848,Jan,19.452112903225807,0.6785,0.0,60.0,30.757838709677422,,,,,
849,Jan,15.985970967741936,0.5283,0.0,60.0,29.71783870967742,,,,,
850,Jan,22.31211612903226,0.8024,0.0,60.0,31.561064516129033,,,,,
851,Jan,21.617593548387095,0.7723,0.0,60.0,28.729322580645164,,,,,
852,Jan,18.04851290322581,0.6177,0.0,60.0,29.547129032258066,,,,,
853,Jan,22.777167741935486,0.8226,0.0,60.0,29.837999999999997,,,,,
854,Jan,17.012335483870967,0.5728,0.0,60.0,30.296096774193547,,,,,
855,Jan,21.573745161290322,0.7704,0.0,60.0,30.036935483870966,,,,,
856,Jan,21.497051612903224,0.7671,0.0,60.0,27.202193548387097,,,,,
857,Jan,22.164006451612902,0.796,0.0,60.0,29.032806451612903,,,,,
858,Jan,23.092803225806453,0.8363,0.0,60.0,28.856548387096773,,,,,
859,Jan,21.85443870967742,0.7826,0.0,60.0,28.420935483870966,,,,,
860,Jan,25.073087096774195,0.9221,1.0,0.0,28.070774193548385,,,,,
861,Jan,15.211248387096774,0.4948,0.0,60.0,30.324451612903225,,,,,
862,Jan,18.812309677419353,0.6508,0.0,60.0,27.84638709677419,,,,,
863,Jan,19.679167741935483,0.6883,0.0,60.0,31.14409677419355,,,,,
864,Jan,21.141451612903225,0.7517,0.0,60.0,31.075193548387098,,,,,
865,Jan,22.38565806451613,0.8056,0.0,60.0,29.64509677419355,,,,,
866,Jan,18.223590322580645,0.6253,0.0,60.0,29.71606451612903,,,,,
867,Jan,17.617283870967743,0.599,0.0,60.0,31.793,,,,,
868,Jan,21.09915806451613,0.7499,0.0,60.0,29.031354838709678,,,,,
869,Jan,18.227874193548384,0.6255,0.0,60.0,30.028483870967744,,,,,
870,Jan,19.16018709677419,0.6659,0.0,60.0,29.244967741935486,,,,,
871,Jan,17.82583870967742,0.608,0.0,60.0,30.430741935483873,,,,,
872,Jan,19.69881935483871,0.6892,0.0,60.0,27.726290322580645,,,,,
873,Jan,18.754512903225805,0.6483,0.0,60.0,26.169516129032257,,,,,
874,Jan,20.092561290322582,0.7063,0.0,60.0,31.192419354838712,,,,,
875,Jan,18.59197741935484,0.6412,0.0,60.0,31.188290322580645,,,,,
876,Jan,17.307448387096773,0.5856,0.0,60.0,30.213709677419356,,,,,
877,Jan,15.00786451612903,0.4859,0.0,60.0,29.851064516129032,,,,,
878,Jan,23.625329032258065,0.8593,0.0,60.0,31.595806451612905,,,,,
879,Jan,18.054558064516126,0.618,0.0,60.0,29.299225806451613,,,,,
880,Jan,21.532090322580643,0.7686,0.0,60.0,29.38483870967742,,,,,
881,Jan,16.163035483870967,0.536,0.0,60.0,30.110419354838708,,,,,
882,Jan,20.73911935483871,0.7343,0.0,60.0,25.10006451612903,,,,,
883,Jan,18.655535483870967,0.644,0.0,60.0,31.70012903225806,,,,,
884,Jan,20.360987096774195,0.7179,0.0,60.0,29.3488064516129,,,,,
885,Jan,18.862241935483873,0.653,0.0,60.0,27.063387096774196,,,,,
886,Jan,20.94135806451613,0.743,0.0,60.0,29.032290322580643,,,,,
887,Jan,17.43212258064516,0.591,0.0,60.0,28.98796774193548,,,,,
888,Jan,17.001167741935483,0.5723,0.0,60.0,30.349806451612906,,,,,
889,Jan,21.236980645161292,0.7558,0.0,60.0,30.081225806451613,,,,,
890,Jan,19.89786774193548,0.6978,0.0,60.0,31.988709677419354,,,,,
891,Jan,15.171064516129032,0.493,0.0,60.0,31.855096774193548,,,,,
892,Jan,19.20207741935484,0.6677,0.0,60.0,33.225645161290316,,,,,
893,Jan,17.580593548387096,0.5974,0.0,60.0,31.120806451612903,,,,,
894,Jan,16.034087096774194,0.5304,0.0,60.0,26.24058064516129,,,,,
895,Jan,23.805654838709675,0.8671,0.0,60.0,25.954451612903224,,,,,
896,Jan,17.71607096774194,0.6033,0.0,60.0,30.23551612903226,,,,,
897,Jan,20.111932258064517,0.7071,0.0,60.0,29.843548387096774,,,,,
898,Jan,20.525212903225807,0.725,0.0,60.0,28.115387096774192,,,,,
899,Jan,24.071012903225807,0.8786,0.0,60.0,28.54206451612903,,,,,
900,Jan,18.76668064516129,0.6488,0.0,60.0,30.051000000000002,,,,,
901,Jan,18.60180322580645,0.6417,0.0,60.0,31.027064516129034,,,,,
902,Jan,18.131609677419352,0.6213,0.0,60.0,31.584419354838708,,,,,
903,Jan,22.367506451612904,0.8048,0.0,60.0,31.53341935483871,,,,,
904,Jan,18.557616129032258,0.6398,0.0,60.0,31.037645161290325,,,,,
905,Jan,20.30999677419355,0.7157,0.0,60.0,31.89390322580645,,,,,
906,Jan,16.28407419354839,0.5412,0.0,60.0,29.293580645161292,,,,,
907,Jan,22.782235483870966,0.8228,0.0,60.0,32.589354838709674,,,,,
908,Jan,18.097767741935485,0.6198,0.0,60.0,29.529451612903227,,,,,
909,Jan,20.347135483870968,0.7173,0.0,60.0,29.714290322580645,,,,,
910,Jan,20.747470967741936,0.7346,0.0,60.0,31.20283870967742,,,,,
911,Jan,22.482512903225807,0.8098,0.0,60.0,29.14874193548387,,,,,
912,Jan,20.188883870967743,0.7104,0.0,60.0,30.830774193548386,,,,,
913,Jan,15.490687096774193,0.5069,0.0,60.0,27.633290322580645,,,,,
914,Jan,21.165754838709677,0.7528,0.0,60.0,26.393032258064515,,,,,
915,Jan,21.971245161290323,0.7877,0.0,60.0,29.969548387096776,,,,,
916,Jan,20.3749064516129,0.7185,0.0,60.0,32.00341935483871,,,,,
917,Jan,20.283616129032257,0.7145,0.0,60.0,29.270967741935483,,,,,
918,Jan,23.86886129032258,0.8699,0.0,60.0,31.580193548387097,,,,,
919,Jan,22.19092580645161,0.7972,0.0,60.0,28.446290322580648,,,,,
920,Jan,17.250790322580645,0.5831,0.0,60.0,28.067774193548388,,,,,
921,Jan,23.038193548387095,0.8339,0.0,60.0,28.538709677419355,,,,,
922,Jan,19.503912903225807,0.6808,0.0,60.0,33.01483870967742,,,,,
923,Jan,17.247490322580646,0.583,0.0,60.0,28.79158064516129,,,,,
924,Jan,20.69291612903226,0.7323,0.0,60.0,31.28409677419355,,,,,
925,Jan,22.926729032258066,0.8291,0.0,60.0,28.6368064516129,,,,,
926,Jan,20.178170967741934,0.71,0.0,60.0,29.059967741935484,,,,,
927,Jan,19.41771935483871,0.677,0.0,60.0,29.908,,,,,
928,Jan,18.889545161290325,0.6541,0.0,60.0,29.407,,,,,
929,Jan,20.34008709677419,0.717,0.0,60.0,27.85683870967742,,,,,
930,Jan,21.068951612903227,0.7486,0.0,60.0,29.47432258064516,,,,,
931,Jan,21.18693870967742,0.7537,0.0,60.0,25.796870967741935,,,,,
932,Jan,20.236312903225805,0.7125,0.0,60.0,30.40893548387097,,,,,
933,Jan,21.126851612903227,0.7511,0.0,60.0,25.436258064516128,,,,,
934,Jan,18.154851612903226,0.6223,0.0,60.0,27.857903225806453,,,,,
935,Jan,20.165025806451613,0.7094,0.0,60.0,26.100709677419356,,,,,
936,Jan,18.720006451612903,0.6468,0.0,60.0,27.729419354838708,,,,,
937,Jan,23.309477419354838,0.8456,0.0,60.0,26.101225806451612,,,,,
938,Jan,15.535612903225806,0.5088,0.0,60.0,30.4,,,,,
939,Jan,21.890851612903226,0.7842,0.0,60.0,27.575129032258065,,,,,
940,Jan,20.72175806451613,0.7335,0.0,60.0,29.88264516129032,,,,,
941,Jan,17.202587096774195,0.581,0.0,60.0,30.37993548387097,,,,,
942,Jan,18.154148387096775,0.6223,0.0,60.0,27.243612903225806,,,,,
943,Jan,19.835341935483868,0.6951,0.0,60.0,27.857516129032255,,,,,
944,Jan,18.457196774193548,0.6354,0.0,60.0,28.038451612903227,,,,,
945,Jan,21.27265806451613,0.7574,0.0,60.0,25.738548387096774,,,,,
946,Jan,17.849187096774195,0.6091,0.0,60.0,26.414064516129034,,,,,
947,Jan,16.06341935483871,0.5317,0.0,60.0,30.877612903225806,,,,,
948,Jan,19.664596774193548,0.6877,0.0,60.0,28.134096774193548,,,,,
949,Jan,16.801890322580647,0.5637,0.0,60.0,29.385870967741933,,,,,
950,Jan,18.14213870967742,0.6218,0.0,60.0,27.39467741935484,,,,,
951,Jan,24.495199999999997,0.897,0.0,60.0,28.954935483870965,,,,,
952,Jan,20.518445161290323,0.7247,0.0,60.0,28.881516129032256,,,,,
953,Jan,17.41962580645161,0.5904,0.0,60.0,27.471354838709676,,,,,
954,Jan,23.04212258064516,0.8341,0.0,60.0,30.694612903225806,,,,,
955,Jan,18.459048387096775,0.6355,0.0,60.0,30.759032258064515,,,,,
956,Jan,26.117383870967743,0.9673,1.0,0.0,29.164225806451615,,,,,
957,Jan,15.362609677419355,0.5013,0.0,60.0,26.86709677419355,,,,,
958,Jan,25.698600000000003,0.9492,1.0,0.0,28.5608064516129,,,,,
959,Jan,17.979574193548387,0.6147,0.0,60.0,28.266032258064516,,,,,
960,Jan,20.792112903225807,0.7366,0.0,60.0,29.501032258064516,,,,,
961,Jan,20.83585483870968,0.7385,0.0,60.0,28.885451612903225,,,,,
962,Jan,18.883329032258064,0.6539,0.0,60.0,29.404419354838712,,,,,
963,Jan,21.37278064516129,0.7617,0.0,60.0,28.5,,,,,
964,Jan,20.701432258064518,0.7326,0.0,60.0,29.20558064516129,,,,,
965,Jan,18.950145161290326,0.6568,0.0,60.0,29.22890322580645,,,,,
966,Jan,24.29228064516129,0.8882,0.0,60.0,30.007387096774195,,,,,
967,Jan,16.69157741935484,0.5589,0.0,60.0,26.344,,,,,
968,Jan,17.915206451612903,0.6119,0.0,60.0,27.027709677419352,,,,,
969,Jan,18.724487096774194,0.647,0.0,60.0,30.627709677419357,,,,,
970,Jan,22.233525806451617,0.799,0.0,60.0,26.668,,,,,
971,Jan,21.044029032258067,0.7475,0.0,60.0,30.994870967741935,,,,,
972,Jan,20.80494193548387,0.7371,0.0,60.0,28.735225806451613,,,,,
973,Jan,18.67127741935484,0.6447,0.0,60.0,29.80374193548387,,,,,
974,Jan,19.889206451612903,0.6974,0.0,60.0,26.83238709677419,,,,,
975,Jan,21.162006451612903,0.7526,0.0,60.0,31.434806451612904,,,,,
976,Jan,20.17863870967742,0.71,0.0,60.0,30.094612903225805,,,,,
977,Jan,21.434593548387095,0.7644,0.0,60.0,31.22351612903226,,,,,
978,Jan,21.562958064516128,0.77,0.0,60.0,29.491354838709675,,,,,
979,Jan,18.417148387096773,0.6337,0.0,60.0,30.674516129032256,,,,,
980,Jan,19.302687096774193,0.672,0.0,60.0,29.516774193548386,,,,,
981,Jan,19.77927419354839,0.6927,0.0,60.0,29.525225806451616,,,,,
982,Jan,24.23812258064516,0.8859,0.0,60.0,28.88351612903226,,,,,
983,Jan,17.815967741935484,0.6076,0.0,60.0,26.733612903225804,,,,,
984,Jan,17.048951612903227,0.5744,0.0,60.0,31.548516129032258,,,,,
985,Jan,20.20427741935484,0.7111,0.0,60.0,28.596290322580646,,,,,
986,Jan,21.74293870967742,0.7778,0.0,60.0,33.861548387096775,,,,,
987,Jan,17.09857741935484,0.5765,0.0,60.0,32.21109677419355,,,,,
988,Jan,21.542364516129034,0.7691,0.0,60.0,32.35677419354839,,,,,
989,Jan,19.332625806451613,0.6733,0.0,60.0,34.26964516129032,,,,,
990,Jan,19.07604516129032,0.6622,0.0,60.0,28.86732258064516,,,,,
991,Jan,19.86074193548387,0.6962,0.0,60.0,27.709935483870968,,,,,
992,Jan,20.589138709677417,0.7278,0.0,60.0,29.76696774193548,,,,,
993,Jan,20.82342258064516,0.7379,0.0,60.0,31.26235483870968,,,,,
994,Jan,16.477264516129033,0.5496,0.0,60.0,28.951548387096775,,,,,
995,Jan,22.88617419354839,0.8273,0.0,60.0,29.756032258064515,,,,,
996,Jan,21.61303870967742,0.7721,0.0,60.0,29.16058064516129,,,,,
997,Jan,19.54841612903226,0.6827,0.0,60.0,30.67409677419355,,,,,
998,Jan,20.902738709677422,0.7414,0.0,60.0,31.21335483870968,,,,,
999,Jan,23.931316129032258,0.8726,0.0,60.0,29.599,,,,,
1000,Jan,18.91523548387097,0.6552,0.0,60.0,28.682451612903225,,,,,
